스펙트럼응답특성,(Absolute/Relative)SpectralResponse,spectralresponse
일조강도,(Solar)Irradiance(G),irradiance
왜형률,(Total)DistortionFactor,distortionfactor
고조파왜형률,TotalHarmonicDistortion,distortionfactor
절대복사계,AbsoluteRadiometer,absoluteradiometer
흡수정보인자,AbsorptionFactor,absorptionfactor
에이씨모듈,ACModule,acmodule
교류모듈,ACModule,acmodule
출력역률,ACOutputPowerFactor,acpowerfactor
교류계통모의전원장치,ACUtilityPowerSimulator,powersimulator
교류접속장치,ACInterface,acinterface
교류,AC,acinterface
인수시험조건,AcceptanceTestConditions,actestconditions
검수조건,AcceptanceTestConditions,actestconditions
산성비,AcidRain,acidrain
첨가제,Acronal,acronal
ABS수지,AcrylonitrileButadieneStyrene,acrbut
활성슬러지,ActivatedSludge,activatedsludge
유기발광다이오드,ActiveMatrixOrganicLightEmittingDiodes,matrixorganiclight
선수금환급보증,AdvancePaymentBond,paymentbond
고도산화법,AdvancedOxidationProcess,oxidationprocess
포기,Aeration,aeration
호기,"Aerobic,Oxic",aerobic
국제개발처,AgencyForInternationalDevelopment,agencydevelopment
계약서,Agreement,agreement
기중차단기,AirCircuitBreaker,aircircuitbreaker
에어리크테스트,AirLeakTest,airleaktest
공기예열기,AirPreheater,airpreheater
반사율,Albedo,albedo
기계정렬,Alignment,alignment
알킬벤젠술폰산염,AlkylBenzeneSulfonate,alkylbenzene
알킬레이트,Alkylat,alkylat
알킬레이션,Alkylation,alkylation
허용초과합력,AllowableOverPressure,alloverpressure
허용,Allowance,allowance
허용,Allowable,allowance
교류,AlternatingCurrent,alternatingcurrent
외기온도,AmbientTemperature,ambienttemp
주위온도,AmbientTemperature,ambienttemp
미국석유협회,AmericanPetroleumInstitute,americanpetrol
암모니아용액,AmmoniaSolution,ammoniasolution
비정질,Amorphous,amorphous
비결정,Amorphous,amorphous
전기량효율,Ampere-HourEfficiency,ampefficiency
혐기성탈탄산,AnaerobiDecarboxylation,anaerobidecarboxylation
혐기,Anaerobic,anaerobic
계층적분석과정,AnalyticHierarchyProcess,analytichierarchyprocess
입사각,AngleOfIncidence,angleoflncidence
아닐린점,AnilinePoint,anilinepoint
연간일조량변동보정계수,AnnualIrradiationDeviationFactor,annualdeviation
무산소,Anoxic,anoxic
빙결방지제,Anti-IcingAgent,antiicing
노킹방지제,Anti-KnockAgent,antiknock
반사방지막,AntireflectionCoating,antireflection
적분기능정지방지,Anti-ResetWindup,antireset
대전방지제,Anti-StaticAgent,anitstatic
개구각,ApertureAngle(ViewAngle),apertureangel
에이피아이온도,APIDegree,apidegree
에이피아이온도,APINumber,apidegree
아라비안라이트,ArabianLight,arabianlight
방향족탄화수소,Aromatics,aromatics
어레이기본회로,ArrayBasicCircuit,arraybasiccircut
어레이손실,ArrayCaptureLoss,arraycaptureloss
어레이집전회로,ArrayCollectionCircuit,arraycollectioncircuit
어레이출력개폐기,ArrayOutputBreaker,arrayoutputbreaker
어레이출력전력량,ArrayOutputEnergy,arrayoutputenergy
어레이보호장치,ArrayProtectionUnit,arrayprotectionunit
화물도착통지서,ArrivalNotice,arrivanotice
화살공정표기법,ArrowDiagramMethod,arrowdiagrammethod
인공지능,ArtificialIntelligence,artificialinteligence
인공태양,ArtificialSun,arificialsun
아세안석유회의,ASEANCcouncilonPetroleum,aseanccouncilonpetrol
회분,AshCombustionResidue,ashcombustionresidue
회분함량,AshContent,ashcontent
ASME밸브,ASMEValve,asmevalve
ASMEVIII밸브,AsmeVIIIValve,asmeviiivalve
수반가스,AssociatedGases,associatedgases
수반가스,CasingheadGases,associatedgases
부조일상정기간,AssumedNon-SunshinePeriod,assumednonsunshineperiod
상압잔사유수첨탈황시설,AtmosphericResidueHydroDesulfurizationUnit,atmosphericresiduehydrodesulfurizationunit
대기투과율,AtmosphericTransmissivity,atmospherictransmissivity
단권변압기,AutoTransformer,autotransformer
보일러자동제어장치,AutomaticBoilerControl,automaticboilercontrol
자동주파수제어,AutomaticFrequencyControl,automaticfrequencycontrol
자동발전제어,AutomaticGenerationControl,automaticgenerationcontrol
자동응답시스템,AutomaticResponseSystem,automaticresponsesystem
자동기동,AutomaticStart,automaticstart
자동기동ㆍ정지,AutomaticStop,automaticstop
자동절제스위치,AutomaticTransferSwitch,automatictransferswitch
자동전압조정기,AutomaticVoltageRegulator,automaticvoltageregulator
자립운전또는자율운전,Autonomy,autonomy
보조콘솔,AuxiliaryConsole,auxiliaryconsole
항공휘발유,AviationGas,aviationgas
항공휘발유,AviationGasoline,aviationgas
공비증류,AzeotropicDistillation,azeotropicdistillation
방위각,Azimuth,azimuth
배압,BackPressure,backpressure
뒷면전기장효과,BackSurfaceField(BSF)Effect,bsfeffect
지원전력량,Back-UpEnergy,backupenergy
수지균형,BalanceOfPayments,balanceofpayments
주변기기,BalanceOfSystem,balanceofsystem
균형성과기록표,BalancedScoreCard,balancedscorecard
발리로드맵,BaliRoadmap,baliroadmap
구형탱크,BallTank,balltank
발틱운임지수,BalticDryIndex,balticdryindex
은행신용,Banker'sAcceptance,bankeracceptance
배럴,Barrel,brr
비·피·시·디,BarrelPerCalenderDay,barrelpercalenderday
비·피·에스·디,BarrelPerStreamDay,barrelperstreamday
기저부하용발전소,Base-LoadPowerStation,baseloadpowerstation
설계기본조항,BasicEngineeringDesignData,basicengineeringdesingdata
축전지기여율,BatteryContributionRatio,batterycontributionratio
용역범위한계,BatteryLimit,batterylimit
베어링,Bearing,bearing
벨로우즈안전밸브,BellowsSafetyValve(DIN),bellowsafetyvalve
자일렌,Xylene,xylene
"톨루엔,자일렌",Toluene&Xylene,toluene
벤젠,Benzene,bz
버스텀,BerthTerm,berthterm
단개선,BevelEnd,bevelend
입찰보증금,BidBond,bidbond
입찰마감일,BiddingClosingDate,biddingclosingdate
선하증권,BillofLading,billoflading
물량산출표또는수량명세표,BillOfQuantities,billofquantities
10억입방미터,BillionCubicMeter,billioncubicmeter
고정선체결방식,BindingWireType,wiretype
바이오액화,BioToLiquids,biotoliquids
유동상담체,Biocap,biocap
생화학적산소요구량,BiochemicalOxygenDemand,oxygendemand
생물여과공정,Biofiltration,biofiltration
바이오가스,Biogas,biogas
생물활성탄,BiologicalActivatedCarbon,aractivatedcarbon
생태역량,BiologicalCapacityOrBiocapacity,biologicalcapacityrrbiocapacity
생물학적인제거법,BiologicalPhosphorusRemovalProcess,biologicalphosphorusremovalprocess
바이오매스자원,BiomassResources,biomassresources
바이오매스,Biomass,biomass
유동상담체,Biopop-Plus,biopopplus
질산화용담체,Biopop,biopop
블랙벨트,BlackBelts,blackbelts
비상발전기,BlackStartDieselGenerator,blackstartdieselgenerator
블랭크오프,Blank-Off,blankoff
브라인드프렌지,BlindFlange,blindflange
역류방지소자,BlockingDevice,blockingdevice
블로우바이가스,BlowByGas,bybygas
분출강하,BlowDown,blowdown
블로운아스팔트,BlownAsphalt,blownasphalt
보세창고,BondedWarehouse,bondedwarehouse
보세창고인도,BondedWarehouseTransaction,warehousetransaction
비오에스효율,BOSEfficiency,bosefficiency
주변기기효율,BOSEfficiency,bosefficiency
BP통계,BPStatisticalReview,bpstatisticalreview
제동마력,BrakeHorsePower,ohorsepower
황동,Brass,brass
손익분기점,BreakEvenPoint,evenpoint
성형탄,Briquette,briquette
갈탄,BrownCoal,lignite
갈탄,Lignite,lignite
바나나현상,BuildAbsolutelyNothingAnywhereAnybody,BANANA
민간자본유치사업,BuildTransfer,buildtransfer
비티오공법,BuildTransferOperation,buildtransferoperation
비오오,BuildOwnOperate,boo
건폐율,buildingcoverage,buildingcoverage
건재일체형태양광발전모듈,BuildingIntegratedPhotovoltaic(Bipv)Module,bipvmodule
건재일체형태양전지모듈,BuildingIntegratedPhotovoltaic(Bipv)Module,bipvmodule
건물일체형태양광발전시스템,BuildingIntegratedPhotovoltaicSystem,bipcsystem
BOO방식,Build-Own-Operate,peratown-operate
누적배압,BuiltUpBackPressure,builtupbackpressure
잡자재,BulkItem,bulkitem
유류할증료,BunkerAdjustmentFactor,adjustmentfactor
경질중유,Bunker-A,bunkera
중유B,Bunker-B,bunkerb
벙커링,Bunkering,bunkering
국제벙커링,Bunkers,bunkers
브이,Buoy,buoy
비즈니스프로세스관리,BusinessProcessManagement,processmanagement
기업경기실사지수,BusinessSurveyIndex,surveyindex
부타디엔고무,ButadieneRubber,butadienerubber
우회소자,BypassDevice,bypassdevice
우회다이오드내열성시험,BypassDiodeThermalTest,bypassdiodethermaltest
약품주입량측정기,CalibrationPot,calibrationpot
정전용량형기계,CapacitanceTypeLevelInstrument,capacitancetypeleveiInstrument
시스템이용률,CapacityFactor,capacityfactor
카본블랙,CarbonBlack,carbonblack
이산화탄소포집저장,CarbonCaptureAndStorage,carboncaptureandstorage
탄소라벨링,CarbonLabel,carbonlabel
탄소마일리지,CarbonMiles,carbonmiles
일산화탄소,CarbonMonoxide,carbonmonoxide
잔류탄소,CarbonResidue,carbonresidue
탄소강,CarbonSteel,carbonsteel
경력개발제도,CareerDevelopmentProgram,careerdevelopmentprogram
담체,Carrier,carrier
선적교류교환도,CashAgainstDocuments,cashagainstdocuments
상품인도결제방식,CashOnDelivery,cashondelivery
주철관,CastIronPipe,ironpipe
촉매,Catalyst,catalyst
접촉개질공정,CatalyticReforming,catalyticreforming
음극관,CathodicRayTube,raytube
수산화나트륨,CausticSoda,aussoda
수산화나트륨,Caustic,aussoda
천장,Ceiling,ceiling
온도보정계수,CellTemperatureFactor,temperaturefactor
태양전지온도,CellTemperature,celltemperature
중앙제어장치,CentralControlMonitoringSystem,ccms
원유중계기지,CentralTerminalStation,terminalstation
집중배치태양광발전시스템,CentralizedPhotovoltaicSystem,photovoltaicsystem
실증에너지기술분석및보급을위한정보센타,CentreForTheAnalysisAndDisseminationOfDemonstratedEnergyTechnologies,cftadodet
센트리퓨걸,Centrifugal,centrifugal
세라믹파이버,CeramicFiber,ceramicfiber
공칭분출량,CertifiedCabacity,certifiedcabacity
공칭분출량결정압력,CertifiedCoefficientOfDischarge,certifiedcoeff
탄소배출권,CertifiedEmissionReduction,eductemissionreduction
세탄인덱스,CetaneIndex,cetaneindex
세탄가,CetaneNumber,cetanenumber
충전효율,ChargingEfficiency,chargingefficiency
화학적산소요구량,ChemicalOxygenDemand,oxygendemand
염화불화탄소,ChloroFluoroCarbon,fluorocarbon
프레온가스,Chlorofluorocarbon,chlorofluorocarbon
정기회로자동차단기,CircuitBreaker,circuitbreaker
원주방향응력,CircumferentialStress,circumferentialstress
명확화,Clarification,clarification
미국의대기정화법수정법,CleanAirActAmendemts,cleanairactamend
미국대기정화법,CleanAirAct,cleanairact
청정에너지시스템,CleanEnergySystem,energysystem
청정에너지,CleanEnergy,cleanenergy
정제,Cleaning(Separation),cleaning
폐쇄회로TV,ClosedCircuitTelevision,elcircuittelevision
폐쇄형사용자그룹,ClosedUserGroup,rusergroup
투입코일,ClosingCoil,closingcoil
구름점,CloudPoint,cloudpoint
응집제,Coagulant,coagulant
응결,Coagulation,coagulation
석탄액화,CoalToLiquids,coaltoliquids
코즈정리,Coase'sTheory,hecoase'stheory
분출계수,CoefficientDischarge,coefficientdischarge
열병합발전,Cogeneration,cogeneration
코크가스,CokeGas,cokegas
콜드컷,ColdCut,coldcut
붕괴압력,CollapsePressure,collapsepressure
PC용모니터,ColorDisplayTube,ubedisplaytube
TV용브라운관,ColorPictureTube,ubepicturetube
복합화력발전,CombinedCyclePowerPlant,combinedcyclepowerplant
열병합발전소,CombinedHeat&PowerPlant,combinedheatpowerplant
합류식,CombinedSewerSystem,sewersystem
상업금융,CommercialBankLoan,obankloan
상업에너지,CommercialEnergy,commercialenergy
시운전,Commissioning,commissioning
에너지연구기술위원회,CommitteeOnEnergyResearchAndTechnology,onenergyresear
지속개발위원회,CommitteeonSustainableDevelopment,evelopmsustainabledevelopment
공동텔레비전수신방식,CommunityAntennaTelevision,elevisantennatelevision
CES사업,CommunityEnergySupplySystem,communityenergysupplysystem
에너지간경합,CompetitionBetweenEnergy,nebetweenenergy
화합물태양전지또는화합물반도체태양전지,CompoundSemiconductorSolarCell,compoundsemiconductorsolarcell
압축천연가스,CompressedNaturalGas,ranaturalgas
컴퓨터통합공학기술,ComputerIntegratedEngineering,ngineerintegratedengineering
컴퓨터통합생산,ComputerIntegratedManufacturing,anufacturintegratedmanufacturing
집광식태양광발전어레이,ConcentratingPhotovoltaicArray,rphotovoltaicarray
집광비,ConcentrationRatio,concentrationratio
집광형태양전지,ConcentratorSolarCell,solarcell
집광형태양전지,ConcentratorSolarCell,solarcell
응축액,Condensate,condensate
콘덴세이트,Condensate,condensate
전도도기계,ConductivityLevelInstrument,nstrumlevelinstrument
확인매장량,ConfirmedReserves,confirmedreserves
정전압제어,ConstantVoltageControl,voltagecontrol
일정전압제어,ConstantVoltageControl,voltagecontrol
시공관리,ConstructionWorkControl,ontworkcontrol
CL화물,ContainerLoadCargo,arloadcargo
연속촉매재생접촉개질시설,ContinuousCatalystRegenerationReformer,continuouscatalystregenerationreformer
용융아연도금라인,ContinuousGalvanizingLine,galvanizingline
안전밸브제어,ControlledSaftyValve(DIN),valve2
활성슬러지법,ConventionalActivatedSludge,luactivatedsludge
일반형,ConventionalType,conventionaltype
변환효율,ConversionEfficiency(Η),ciefficiency
전류제어형,CurrentControlType,currentcontroltype
전류형,CurrentSourceType,currentsourcetype
전류형,currentcourcetype,currentsirfftype
전류온도계수,CurrentTemperatureCoefficient,currenttemperaturecoefficient
전류-전압(I-V)특성,Current-VoltageCharacteristic,current-voltagecharacteristic
고객관계관리,CustomerRelationshipManagement,customerrelationshipmanagement
동판부식시험,Cu-Strip,cu-strip
컷백아스팔트,Cut-BackAsphalt,cut-backasphalt
내습-내열성시험,Damp-HeatTest,damp-heattest
암전류,DarkCurrent,darkcurrent
데이타베이스,Database,data-base
데이터베이스엔지니어링방법론,DatabaseEngineeringMethodology,databaseengineeringmethodology
데이터베이스관리시스템,DatabaseManagementSystem,databasemanagementsystem
직류조절기,DcConditioner,dcconditioner
직류잔결비율,DcRippleFactor,dcripplefactor
직류조절기실효효율,Dc/DcConverterEffectiveEnergyEfficiency,dcconvertereffectiveenergyefficiency
직류/직류접속장치,Dc/DcInterface,dcinterface
중량톤,DeadWeightTonnage,deadweighttonnage
탈동조화,Decoupling,decoupling
난방일수,DegreeDay,degreeday
전리도,DegreeOfElectrolyteDissociation,degreeofelectrolytedissociation
중질유열분해시설,DelayedCoker,delayedcoker
인도조건,DeliveryTerms,deliveryterms
미국의에너지부,DepartmentofEnergy,departmentofenergy
에너지수입의존도,DependenceOfEnergyOnOverseas,dependenceofenergyonoverseas
감가상각비,Depreciation,depreciation
방전심도,DepthOfDischarge,depthofdischarge
탈염기,Desalter,desalter
세척제,Detergent,detergent
청정분산제,Dispersant,dispersant
탈납공정,DewaxingUnit,dewaxingunit
다이아후램안전밸브,DiaphragmSafetyValve(DIN),diaphragmsafetyvalve
다이어프램밸브,DiaphragmValve,diaphragmvalve
경유,Diesel,die-sel
디젤수소첨가탈황공정,DieselHydroDesulfurization,dieselhydrodesulfurization
디젤지수,DieselIndex,dieselindex
산란일조량,DiffuseIrradiance,diffuseirradiance
산란일조량,diffuseIrradiance,solarirradiance
확산층,DiffusionLayer,diffusionlayer
직달일조강도,DirectIrradiance,directIrradiance
직달일조량,DirectIrradiation,directIrradiation
직달일조강도,directIrradiance,solarirradiance
직당일조량,directIrradiation,solarirradiation
직접거래원유,DirectDealCrudeOil,directdealcrudeoil
방전전류-전압특성,DischargeI-VCurve,dischargei-vcurve
분산배치태양광발전시스템,DispersedPhotovoltaicSystem,dispersedphotovoltaicsystem
용존공기부상,DissolvedAirFloatation,dissolvedairfloatation
용존산소,DissolvedOxygen,dissolvedoxygen
증류,Distillation,distillation
배분네트워크,DistributionNetwork,distributionnetwork
송전선로,DistributionNetwork,distributionnetwork
송전계통,DistributionSystem,distributionsystem
지역에너지시스템,DistrictEnergySystems,districtenergysystems
지역냉난방,DistrictHeatAndCooling,districtheatandcooling
닥터시험,DoctorTest,doctortest
돌핀,Dolphin,dolphin
계선주,Dolphin,dolphin
하류부문,DownStream,downstream
배수설비,DrainageEquipment,drainageequipment
지구정책연구소,EarthPolicyInstitute,earthpolicyinstitute
생태효율성,EcoEfficiency,ecoefficiency
eco효과성,Eco-Effectiveness,eco-effectiveness
생태산업단지,Eco-IndustrialParks,eco-industrialparks
생태발자국,EcologicalFootprint,ecologicalfootprint
에코매지네이션,Ecomagination,ecomagination
절탄기,Economizer,economizer
분출면적,EffectiveDischargeArea,effectivedischargearea
실효효율,EffectiveEnergyEfficiency,effectiveenergyefficiency
유효조사면,EffectiveIrradiatedArea,effectiveirradiatedarea
경시변화보정계수,EfficiencyDeviationFactor,efficiencydeviationfactor
풍해,Efflorescence,efflorescence
탄력성,Elasticity,elasticity
전기로,ElectricFurnace,electricfurnace
전기저항용접,ElectricResistanceWelding,electricresistancewelding
전기사업자,ElectricUtility,electricutility
전기분해,Electrolysis,electrolysis
전자빔용접,ElectronBeamWelding,electronbeamwelding
전기영동,Electrophoresis,electrophoresis
전기집진기,ElectroPrecipitator,electroprecipitator
탄소배출권시장,EmissionTradingScheme,emissiontradingscheme
양수발전량,EnergyAbsorbedByStoragePumping,energyabsorbedbystoragepumping
에너지밸런스,EnergyBalance,energybalance
에너지의단계적이용,EnergyCascade,energycascade
에너지보존,EnergyConservation,energyconservation
에너지밀도,EnergyDensity,energydensity
에너지효율,EnergyEfficiency,energyefficiency
에너지탄성치,EnergyElasticity,energyelasticity
계통수전전력량,EnergyFromUtilityGrid,energyfromutilitygrid
에너지회수율,EnergyGainFactor,energygainfactor
에너지간격,EnergyGap,energygap
에너지간격,BandGap,energygap
에너지틈,EnergyGap,energygap
띠틈,EnergyGap,energygap
띠간격,EnergyGap,energygap
에너지원단위,EnergyIntensity,energyintensity
에너지IT,EnergyIT,energyit
에너지관리시스템,EnergyManagementSystem,energymanagementsystem
에너지매체,EnergyMedium,energymedium
에너지원,EnergyResources,energyresources
에너지절약,EnergySaving,energysaving
에너지시큐어리티,EnergySecurity,energysecurity
에너지절약전문기업제도,EnergyServiceCompany,energyservicecompany
에너지체계,EnergySystem,energysystem
역조류전력량,EnergyToUtilityGrid,energytoutilitygrid
에너지변형,EnergyTransformation,energytransformation
에너토피아,Enertopia,enertopia
엔지니어링계약자,EngineeringContractor,engineeringcontractor
엔지니어링기업,EngineeringFirm,engineeringfirm
엔지니어링구매건설,EngineeringProcurementConstruction,engineeringprocurementconstruction
엔위즈,EngineeringWisdom,engineeringwisdom
전사적자원관리,EnterpriseResourcePlanning,enterpriseresourceplanning
환경경영체제,EnvironmentManagementSystem,environmentmanagementsystem
기기인도지시서,EquipmentDespatchOrder,equipmentdespatchorder
등가태양전지온도,EquivalentCellTemperature,equivalentcelltemperature
가스처리플렌트,EthaneSeparationPlant,ethaneseparationplant
에톡시레이트,Ethoxylate,ethoxylate
에틸렌,Ethylene,e-thylene
에틸렌글리콜,EthyleneGlycol,ethyleneglycol
에틸렌옥사이드,EthyleneOxide,ethyleneoxide
구주공동체,EuropeanCommunity,europeancommunity
임원육성제도,ExecutiveManagementDevelopment,executivemanagementdevelopment
엑써지,Exergie,exergie
개발가능매장량,ExploitableDeposit,exploitabledeposit
개발가능매장량,Exploitable,exploitable
외연기관,ExternalCombustionEngine,externalcombustionengine
고속증식로,FastBreedingReactor,fastbreedingreactor
타당성조사(기술적ㆍ경제적),FeasibilityStudy,feasibilitystudy
연방에너지규제기관,FederalEnergyRegulatoryCommission,federalenergyregulatorycommission
발효,Fermentation,fermentation
현장설계변경,FieldRevision,fieldrevision
충진율,FillFactor,fillfactor
곡선인자,FillFactor,fillfactor
FF,FillFactor,fillfactor
최종에너지,FinalEnergy,final-energy
최종에너지소비,FinalEnergyConsumption,finalenergyconsumption
유한요소법,FiniteElementMethod,finiteelementmethod
핀붙이관,FinnedTube,finnedtube
가열로,FiredHeater,firedheater
고정비,FixedCost,fixedcost
불꽃전향기,FlameDeflector,flamedeflector
폐가스연소관,FlareStack,flarestack
휘어지는태양전지,FlexibleCell,flexiblecell
유연한태양전지,FlexibleCell,flexiblecell
플립칩,FlipChip,flipchip
플로트스위치,FloatSwitch,floatswitch
부유식석유생산저장기지,"FloatingProduction,Storage,AndOff-Loading",floatingproductionstorageandoff-loading
용적율,FloorAreaRatio,floorarearatio
바닥,FloorLevel,floorlevel
유동성향상제,FlowImprover,flowimprover
계통도,FlowSheet,flowsheet
유랑계,FlowTransmitter,flowtransmitter
유동상식접촉분해시설,FluidCatalyticCrackingUnit,fluidcatalyticcrackingunit
유동층연소,FluidizedBedCombustion,fluidizedbedcombustion
세척,Flushing,flushing
플라이애시,FlyAsh,flyash
외국건설회사,ForeignConstructionCompany,foreignconstructioncompany
성형코우크스,FormedCoke,formedcoke
에너지의형태,FormsOfEnergy,formsofenergy
화석연료,FossilFuel,fossilfuel
본선인도조건,FreeOnBoard,freeonboard
기본설계,FrontEndEngineeringDesign,frontendengineeringdesign
FEED설계,FrontEndEngineeringDesign,frontendengineeringdesign
연료전지,FuelCell,fuelcell
연료소비율,FuelConsumptionRate,fuelconsumptionrate
연료가스,FuelGas,fuelgas
연료유,FuelOil,fueloil
퓨개시티,Fugacity,fugacity
후쿠다비전,FukudaVision,fukudavision
풀리프트안전밸브,FullLiftSafetyValve,fullliftsafetyvalve
풀노즐밸브,FullNozzleValve,fullnozzlevalve
전량식안전밸브,Full-BoreSafetyValve,full-boresafetyvalve
노,Furnace,furnace
아연도금탄소강관,GalvanizedCarbonpipe,galvanizedcarbonpipe
기체연료,GasFuel,gasfuel
경유수첨탈황시설,GasOilHydroDeSulfurizationUnit,gasoilhydrodesulfurizationunit
가스회수시설,GasRecoveryUnit,gasrecoveryunit
천연가스액체석유화설비,GasToLiquids,gastoliquids
가스터빈,GasTurbine,gasturbine
가스화,Gasification,gasification
지구환경금융,GEF,gef
공동해손,GeneralAverage,generalaverage
무지정신용장,GeneralLetterOfCredit,generalletterofcredit
지열에너지,GeothermalEnergy,geothermalenergy
기가칼로리,GigaCalorie,gigacalorie
전일조강도,GlobalIrradiance,globalirradiance
수평면일조강도,GlobalIrradiance,globalirradiance
수평면전일조강도,GlobalSolarIrradiance,globalsolarirradiance
글로벌2020,Global2020,global2020
글로벌사회자본자산시스템,GlobalSocialCapitalAssetSystem,globalsocialcapitalassetsystem
정부판매가격,GovernmentSellingPrice,governmentsellingprice
정부간거래원유,GovernmenttoGovernmentCrude,governmenttogovernmentcrude
GERT법,GraphicalEvaluationAndReviewTechnique,graphicalevaluationandreviewtechnique
GB단계,GreenBelts,greenbelts
그린칼라,GreenCollar,greencollar
그린드라이빙,GreenDriving,greendriving
그린에너지,GreenEnergy,green-energy
그린에너지기술지수,GreenEnergyTechnologyIndex,greenenergytechnologyindex
그린홈,GreenHome,greenhome
녹색산업지수,GreenIndustryIndex,greenindustryindex
그린Job,GreenJob,greenjob
그린스토어,GreenStore,greenstore
녹색기술,GreenTechnology,greentechnology
그린TV,GreenTV,greentv
온실효과,GreenhouseEffect,greenhouseeffect
국민총생산,GrossNationalProduct,grossnationalproduct
세계총생산,GrossWorldProduct,grossworldproduct
가이드,Guide,guide
걸프만협력위원회,GulfCooperationCouncil,gulfcooperationcouncil
페르시아만협력협의회,GulfCooperationCouncil,gulfcooperationcouncil
우박충돌시험,HailTest,hailtest
할론,Halon,halon
경성탄,HardCoalLignite,hardcoallignite
열수지,HeatBalance,heatbalance
히트파이프,HeatPipe,heatpipe
열펌프,HeatPump,heatpump
열량,HeatQuantityOfHeat,heatquantityofheat
열회수시스템,HeatRecoverySystem,heatrecoverysystem
열매체,HeatTransferMedium,heattransfermedium
발열량,HeatingValue,heatingvalue
중질원유,HeavyDistillate,heavydistillate
중금속,HeavyMetals,heavymetals
중유,HeavyOil,heavyoil
중질감압경유,HeavyVacuumGasOil,heavyvacuumgasoil
중수,HeavyWater,heavywater
이종접합,Heterojunction,heterojunction
이종접합태양전지,HeterojunctionSolarCell,heterojunctionsolarcell
고밀도폴리에틸렌,HighDensityPolyEthylene,highdensitypolyethylene
고에너지연료,HighEnergyFuel,highenergyfuel
고주파잡음,HighFrequencyNoise,highfrequencynoise
고유황중유,HighSulfurB-C,highsulfurb-c
B-C유,HighSulfurB-C,highsulfurb-c
연료유,HighSulfurB-C,highsulfurb-c
고온코우크스,HighTemperatureCoke,hightemperaturecoke
고열가스,High-CalorieGas,high-caloriegas
가정기기자동화,HomeAutomation,homeautomation
가정에너지모니터링시스템,HomeEnergyMonitoringSystem,homeenergymonitoringsystem
하니컴촉매,HoneycombCatalyst,honeycombcatalyst
열점,HotSpot,hot-spot
열점내구성시험,Hot-SpotEnduranceTest,hotspotendurancetest
시간율,HourRate,hourrate
고온가습-동결시험,Humidity-FreezeTest,humidity-freezetest
하이브리드카,HybridCar,hybridcar
복합태양광발전시스템,HybridPhotovoltaicSystem,hybridphotovoltaicsystem
소화전모니터,HydrantMonitor,hydrantmonitor
원자로재료,Hydriding,hydriding
수첨분해시설,Hydrocracker,hydrocracker
수첨분해시설,HydrocrackingUnit,hydrocrackingunit
수소화분해,Hydrocracking,hydrocracking
수소제조시설,HydrogenUnit,hydrogenunit
소각로,Incinerator,incinerator
간접에너지,IndirectEnergy,indirectenergy
초기변환효율,InitialConversionEfficiency,initialconversionefficiency
초기효율,InitialConversionEfficiency,initialconversionefficiency
입력운전전압범위,InputVoltageOperatingRange,inputvoltageoperatingrange
주공정,InsideBatteryLimit,insidebatterylimit
검사,Inspection,inspection
절연시험,InsulationTest,insulationtest
적산조사강도,IntegratedIrradiance,integratedirradiance
적산스펙트럼조사강도,IntegratedSpectralIrradiance,integratedspectralirradiance
적산분광조사강도,IntegratedSpectralIrradiance,integratedspectralirradiance
적산조사강도,IntegratedIrradiance,integratedirradiance
석탄가스화복합발전,IntegratedGasificationCombinedCycle,integratedgasificationcombinedcycle
집적형태양전지,IntegratedSolarCell,integratedsolarcell
지능형빌딩,IntelligentBuilding,intelligentbuilding
기후변동에관한정부간패널,IntergovernmentalPanelOnClimateChange,intergovernmentalpanelonclimatechange
내연기관,InternalCombustionEngine,internalcombustionengine
국제에너지기구,InternationalEnergyAgency,internationalenergyagency
국제에너지기구,InternationalEnergyAgency,iea
국제해사기구,InternationalMaritineOrganization,internationalmaritineorganization
국제해사기구,InternationalMaritineOrganization,imo
메이저,InternationalOilMajors,internationaloilmajors
국제표준화기구,InternationalOrganizationforStandardization,internationalorganizationforstandardization
국제표준화기구,InternationalOrganizationforStandardization,iso
국제물학회,InternationalWaterAssociation,internationalwaterassociation
국제물학회,InternationalWaterAssociation,iwa
직교변환기,Inverter,in-verter
직교변환장치실효율,InverterEffectiveEnergyEfficiency,invertereffectiveenergyefficiency
직교변환기효율,InverterEfficiency,inverterefficiency
조사강도,Irradiance,irradiance
조사량,Irradiation,irradiation
일조량,Irradiation(H),irradiation
단독운전,IslandingOperation,islandingoperation
환경경영국제규격,ISO14000,iso14000
고립운전,IsolatedOperation,isolatedoperation
등거리화법,IsometricDrawing,isometricdrawing
승인발급,IssuedForApproval,issuedforapproval
재킹볼트,JackingBolt,jackingbolt
일본공업규격의약칭,JapanIndustrialStandard,japanindustrialstandard
"제트유,여객기용",JetA-1,jeta-1
"제트유,전투기용",Jp-4,jp-4
"제트유,전투기용",Jp-8,jp-8
접속함또는단자함,JunctionBox,junctionbox
간판방식,JustInTime,justintime
전파식별,RadioFrequencyIdentification,radiofrequencyidentification
복사계,Radiometer,radiometer
라피네이트,Raffinate,raffinate
수입의존도,RateOfDependenceOnImports,rateofdependenceonimports
정격용량,RatedCapacity,ratedcapacity
정격전류,RatedCurrent,ratedcurrent
정격리프트,RatedLift,ratedlift
정격부하효율,RatedLoadEfficiency,ratedloadefficiency
정격시스템출력,RatedSystemPower,ratedsystempower
정격전압,RatedVoltage,vr
원수처리장치,RawWaterTreatmentSystem,rawwatertreatmentsystem
회수에너지,RecoveryEnergy,recoveryenergy
릴구동밸브,ReelOperatedValve,reeloperatedvalve
기준태양전지모듈,ReferenceSolarCellModule,referencesolarcellmodule
기준모듈,ReferenceReferenceModule,referencesolarcellmodule
기준태양전지소모듈,ReferenceSolarCellSubmodule,referencesolarcellsubmodule
기준태양전지,ReferenceSolarCell,referencesolarcell
기준전지,ReferenceCell,referencesolarcell
기준태양광,ReferenceSolarRadiation,referencesolarradiation
기준태양광,StandardSunlight,referencesolarradiation
등가1일일조시간,ReferenceYield,referenceyield
정유소가스,RefineryGases,refinerygases
개질휘발유,Reformate,reformate
접촉개질시설,Reformer,reformer
리포밍,Reforming,reforming
냉동저장탱크,RefrigeratedStorageTank,refrigeratedstoragetank
냉동시스템,RefrigerationSystem,refrigerationsystem
총량규제,RegulationOfTotalEmission,regulationoftotalemission
상대스펙트럼응답,RelativeSpectralResponse,relativespectralresponse
릴리프밸브,reliefvalve,reliefvalve
신재생에너지자발적개발공급협약,RenewablePortfolioAgreement,renewableportfolioagreement
견적요청,RequestForProposal,requestforproposal
분출정지압력,ReseatingPressure,reseatingpressure
분출정지압력,ClosingPressure,reseatingpressure
전력예비율,ReserveMargin,reservemargin
가채년수,Reserve-Production,reserve-production
잔존용량,ResidualCapacity,residualcapacity
상압잔사유유동상식접촉분해시설,ResidueFluidCatalyticCrackingUnit,residuefluidcatalyticcrackingunit
유보금반환보증,RetentionBond,retentionbond
투자이익율법,ReturnOnInvestmentMethod,returnoninvestmentmethod
역조류,ReversePowerFlow,reversepowerflow
개정,Revision,revision
탱크로리,RoadTanker,roadtanker
탱크로리,TankTruck,roadtanker
단말처리견고성시험,RobustnessOfTerminationTest,robustnessofterminationtest
분당회전수,RoundPerMinute,roundperminute
안전예방조치요구서,SafetyPreventiveActionRequest,safetypreventiveactionrequest
안전밸브,SafetyReliefValve,safetyreliefvalve
염석효과,Salting-OutEffect,salting-outeffect
샘플조건,SampleConditioning,sampleconditioning
오수,SanitarySewer,sanitarysewer
연료탱크,SatelliteTank,satellitetank
포화탄화수소,SaturatedHydrocarbon,saturatedhydrocarbon
스케일링,Scaling,scaling
쇼트키장벽태양전지,SchottkyBarrierSolarCell,schottkybarriersolarcell
밸브시트구멍의지름,SeatDiameter,seatdiameter
밸브시트유로면적,SeatFlow,seatflow
밸브시트유로면적,CurtianArea,seatflow
이차오염,SecondaryPollution,secondarypollution
2차처리,SecondaryTreatment,secondarytreatment
침전지,SedimentationBasin,sedimentationbasin
침전지,ClarificationBasin,sedimentationbasin
자려전환,SelfCommutation,selfcommutation
자기전환,SelfCommutation,selfcommutation
자려식,SelfCommutationType,selfcommutationtype
자기방전률,SelfDischargeRate,selfdischargerate
자흡식펌프,Self-Priming,self-priming
세미노즐밸브,SemiNozzleValve,seminozzlevalve
분류식,SeparateSewerSystem,separatesewersystem
연속회분식반응조,SequencingBatchReactor,sequencingbatchreactor
직렬저항,SeriesResistance,seriesresistance
서보타입송신기,ServoTypeLevelTransmitter,servotypeleveltransmitter
하수,Sewage,sewage
그늘짐보정계수,ShadingFactor,shadingfactor
그늘짐비율,ShadowCoverRate,shadowcoverrate
음영률,ShadowCoverRate,shadowcoverrate
면저항,SheetResistance,sheetresistance
쇼트타임설계조건,ShortTimeDesignCondition,shorttimedesigncondition
병렬저항,ShuntResistance,shuntresistance
갈래저항,ShuntResistance,shuntresistance
분류저항,ShuntResistance,shuntresistance
가동중지,Shutdown,shutdown
실리카젤,SilicaGel,silicagel
규소태양전지,SiliconSolarCell,siliconsolarcell
일점계류방식,SingleBuoyMooring,singlebuoymooring
단결정,SingleCrystal,singlecrystal
단결정,Monocrystal,singlecrystal
사이폰,Siphon,siphon
현장관리자,SiteManager,sitemanager
자재적기조달,SiteRequiredDate,siterequireddate
분쇄,SizeReduction,sizereduction
발연점,SmokePoint,smokepoint
매연억제제,SmokeSuppressant,smokesuppressant
매끈한마감,SmoothFinish,smoothfinish
매끈한마감,SpecialFinish,smoothfinish
스너버,Snubber,snubber
소화용증기,SnuffingSteam,snuffingsteam
실효태양광발전어레이최대출력,SOCPhotovoltaicArrayMaximumPower,socphotovoltaicarraymaximumpower
실효태양광발전어레이최대출력전압,SOCPhotovoltaicArrayMaximumPowerVoltage,socphotovoltaicarraymaximumpowervoltage
연화점,SofteningPoint,softeningpoint
부드러운기동,Soft-Start,soft-start
태양전지면적,SolarCellArea,solarcellarea
태양광발전모듈,SolarCellModule,solarcellmodule
모듈,PhotovoltaicModule,solarcellmodule
태양전지,SolarCell,solarcell
태양전지,PhotovoltaicCell,solarcell
태양상수,SolarConstant,solarconstant
태양의고도,SolarElevation,solarelevation
태양의고도,SolarAltitude,solarelevation
태양에너지,SolarEnergy,solarenergy
태양복사에너지,SolarEnergy,solarenergy
태양전지급규소,SolarGradeSilicon,solargradesilicon
태양전지급규소,SogSilicon,solargradesilicon
태양전지,SolarPhotovoltaicCell,solarphotovoltaiccell
모의태양광원,SolarSimulator,solarsimulator
태양스펙트럼,SolarSpectrum,solarspectrum
태양복사스펙트럼,SolarSpectrum,solarspectrum
탄화,SolarThermalPowerStation,solarthermalpowerstation
솔라윈도우,SolarWindow,solarwindow
고효율가스터빈,SolidFuel,solidfuel
무연고체연료,SolidSmokelessFuel,solidsmokelessfuel
용제추출,SolventExtraction,solventextraction
소르비톨,Sorbitol,sorbitol
스팬가스,SpanGas,spangas
비열,SpecificHeat,specificheat
스펙트럼합치도,SpectralCoincidence,spectralcoincidence
스펙트럼조사강도분포,SpectralIrradianceDistribution,spectralirradiancedistribution
분광조사강도분포,SpectralIrradianceDistribution,spectralirradiancedistribution
스펙트럼조사강도,SpectralIrradiance,spectralirradiance
분광조사강도,SpectralIrradiance,spectralirradiance
스펙트럼광자조사강도,SpectralPhotonIrradiance,spectralphotonirradiance
분광광자조사강도,SpectralPhotonIrradiance,spectralphotonirradiance
스펙트럼응답부정합오차,SpectralResponseMismatchError,spectralresponsemismatcherror
스펙트럼복사계,Spectroradiometer,spectroradiometer
분광복사계,Spectroradiometer,spectroradiometer
스풀,Spool,spool
스포트가격,SpotPrice,spotprice
안정성,Stability,stability
안정화변환효율,StabilizedConversionEfficiency,stabilizedconversionefficiency
안정화효율,StabilizedConversionEfficiency,stabilizedconversionefficiency
납사안정화탑,Stabilizer,stabilizer
적층형태양전지,StackedSolarCell,stackedsolarcell
적층형태양전지,TandemSolarCell,stackedsolarcell
독립운전,Stand-AloneOperation,stand-aloneoperation
독립형태양광발전시스템,Stand-AlonePhotovoltaicSystem,stand-alonephotovoltaicsystem
기준어레이면일조강도,StandardIrradianceInArrayPlane,standardirradianceinarrayplane
표준동작조건,StandardOperatingConditions,standardoperatingconditions
표준안전밸브,StandardSafetyValve,standardsafetyvalve
표준안전밸브,DIN,standardsafetyvalve
표준시방서,StandardSpecification,standardspecification
표준시험조건,StandardTestConditions,standardtestconditions
대기손실,Stand-ByLoss,stand-byloss
분출개시압력,StartToDischargePressure,starttodischargepressure
스태틱오퍼레이션,StaticOperation,staticoperation
고정자베인작동기,StatorVaneActuator,statorvaneactuator
표준태양광발전어레이최대출력,STCPhotovoltaicArrayMaximumPower,stcphotovoltaicarraymaximumpower
표준태양광발전어레이개방전압,STCPhotovoltaicArrayOpen-CircuitVoltage,stcphotovoltaicarrayopen-circuitvoltage
스팀커튼,SteamCurtain,steamcurtain
증기개질,SteamReforming,steamreforming
단계식부하법,StepFeedSystem,stepfeedsystem
영국스턴보고서,SternReview,sternreview
스털링엔진,StirlingEngine,stirlingengine
직접증류,StraightRun,straightrun
응력제거,StressRelieving,stressrelieving
어레이지지대,StructuresForPhotovoltaicArray,structuresforphotovoltaicarray
스티렌부타디인고무,StyreneButadieneRubber,styrenebutadienerubber
미포화,Subcooling,subcooling
미포화,Subcooled,subcooling
수중펌프,SubmergiblePump,submergiblepump
석유대체에너지,SubstituteEnergyForPetroleum,substituteenergyforpetroleum
기판,Substrate,substrate
아열대기후,SubtropicalClimate,subtropicalclimate
설포레인공정,SulfolaneProcess,sulfolaneprocess
유황회수시설,SulfurRecoveryUnit,sulfurrecoveryunit
선진국수뇌회의,SummitMeeting,summitmeeting
기존배압,SuperImposedBackPressure,superimposedbackpressure
소형박막액정표시장치,SuperTwistedNeumaticLCD,supertwistedneumaticlcd
소형박막액정표시장치,PassiveMatrixLCD,supertwistedneumaticlcd
감독,Supervision,supervision
관리자,Supervisor,supervisor
공급사슬관리,SupplyChainManagement,supplychainmanagement
지지받침두리방식,SupportFittingType,supportfittingtype
널판가대,SupportStructureForPhotovoltaicPanel,supportstructureforphotovoltaicpanel
쇄도전압방지회로,SurgeProtectionCircuit,surgeprotectioncircuit
부유물질,SuspendedSolids,suspendedsolids
지속가능한성장,SustainableDevelopment,sustainabledevelopment
합성액체연료,SyntheticLiquidFuel,syntheticliquidfuel
시스템발전효율,SystemEfficiency,systemefficiency
시스템요소,SystemFactor,systemfactor
시스텝통합서비스,SystemIntegration,systemintegration
조항,TakeorPay,takeorpay
역청탄,TarSand,tarsand
태스크포스,TaskForce,taskforce
타토레이공정,TATORAYProcess,tatorayprocess
기술입찰분석,TechnicalBidAnalysis,technicalbidanalysis
온도요소,TemperatureElement,temperatureelement
임시여과기,TemporaryStrainer,temporarystrainer
입찰서,TenderDocument,tenderdocument
정제된텔레프탈산,TerephthalicAcid,terephthalicacid
시험조사강도,TestIrradiance,testirradiance
4알킬납,TetraAlkylLead,tetraalkyllead
결면구조,TexturedSurface,texturedsurface
텍스쳐구조,TexturedStructure,texturedsurface
제1차석유위기,TheFirstOilCrisis,thefirstoilcrisis
지구환경보고서,TheStateOfTheWorld,thestateoftheworld
이론분출량,TheoreticalRelivingCapacity,theoreticalrelivingcapacity
열전도도검출기,ThermalConductivityDetector,thermalconductivitydetector
열분해공정,ThermalCracking,thermalcracking
온도순환시험,ThermalCyclingTest,thermalcyclingtest
열효율,ThermalEfficiency,thermalefficiency
열에너지,ThermalEnergy,thermalenergy
박막태양전지,ThinFilmSolarCell,thinfilmsolarcell
박막트랜지스터액정표시장치,ThinFilmTransistorLCD,thinfilmtransistorlcd
경사각,TiltAngle,tiltangle
시간분할다중,TimeDivisionMultipleAccess,timedivisionmultipleaccess
톨루엔,Toluene,toluene
석유환산톤,TonofOilEquivalent,tonofoilequivalent
석유환산톤,TonnageOfOilEquivalent,tonnageofoilequivalent
툴박스미팅,ToolBoxMeeting,toolboxmeeting
경사면일조강도,TotalIrradiance,totalirradiance
총일조강도,TotalSolarIrradiance,totalirradiance
종합설계계수,TotalDesignFactor,totaldesignfactor
총일조량,TotalIrradiation,totalirradiation
총질소량,TotalNitrogen,totalnitrogen
총산소요구량,TotalOxygenDemand,totaloxygendemand
총인량,TotalPhosphorus,totalphosphorus
1차에너지총소비량,TotalPrimaryEnergySupply,totalprimaryenergysupply
종합시스템효율,TotalSystemEfficiency,totalsystemefficiency
종합시스템입력전력량,TotalSystemInputEnergy,totalsysteminputenergy
종합시스템출력전력량,TotalSystemOutputEnergy,totalsystemoutputenergy
시스템발전전력량,TotalSystemOutputEnergy,totalsystemoutputenergy
도시가스,TownGas,towngas
도시가스,CityGas,towngas
추적식태양광발전어레이,TrackingPhotovoltaicArray,trackingphotovoltaicarray
무변압기방식,TransformerlessType,transformerlesstype
공급망,TransmissionAndDistribution,transmissionanddistribution
주배관,TransmissionLine,pipeline
주배관,Pipeline,pipeline
배송네트워크,TransmissionNetwork,transmissionnetwork
투명전극,TransparentConductingElectrode,transparentconductingelectrode
수송,Transportation,transportation
살수여상법,TricklingFilter,tricklingfilter
살수여상법,PercolatingFilter,tricklingfilter
트림,Trim,trim
혼탁도,Turbidity,turbidity
터빈,Turbine,turbine
터보기관,TurboEngine,turboengine
시설인계,TurnOver,turnover
회전용치구,TurningDevice,turningdevice
턴키방식,Turn-KeyTurnover,turn-keyturnover
절대가채매장량,ultimatelyrecoverablereserves,ultimatelyrecoverablereserves
유엔환경개발회의,UNConferenceOnEnvironmentAndDevelopment,unconferenceonenvironmentanddevelopment
중질유분해공정,UncrackingUnit,uncrackingunit
단위병렬회로,UnitParallelCircuit,unitparallelcircuit
불포화탄화수소,UnsaturatedHydrocarbon,unsaturatedhydrocarbon
미사용에너지,UnusedEnergy,unusedenergy
상류부문,UpStream,upstream
상항류식염기성처리공법,UpflowAnaerobicSludgeBlanket,upflowanaerobicsludgeblanket
유효에너지,UsageEnergy,usageenergy
연지급수입,Usance,usance
상용주파수절연방식,UtilityFrequencyLinkType,utilityfrequencylinktype
연계운전범위,UtilityInteractiveOperationRange,utilityinteractiveoperationrange
계통연계보호장치,UtilityInteractiveProtectionUnit,utilityinteractiveprotectionunit
교류계통접속장치,UtilityInterface,utilityinterface
폐열의이용,UtilizationOfWasteHeat,utilizationofwasteheat
자외선전처리시험,UvPreconditioningTest,uvpreconditioningtest
감압증류탑,VacuumDistillationUnit,vacuumdistillationunit
진공형광표시관,VacuumFluorescentDisplay,vacuumfluorescentdisplay
감압경유,VacuumGasOil,vacuumgasoil
진공안전밸브,VacuumReliefValve,vacuumreliefvalve
감압잔유,VacuumResidue,vacuumresidue
감압잔사유수첨탈황시설,VacuumResidueHydroDesulfurizationUnit,vacuumresiduehydrodesulfurizationunit
가치공학,ValueEngineering,valueengineering
밀폐형납축전지,ValveRegulatedLeadAcidBattery,valveregulatedleadacidbattery
배기판형밀폐형납축전지,ValveRegulatedLeadAcidBattery,valveregulatedleadacidbattery
증기폐색,VaporLock,vaporlock
V볼밸브,V-BallValve,v-ballvalve
속도수두,VelocityHead,velocityhead
벤더,Vendor,vendor
배기판형납축전지,VentedTypeLead-AcidBattery,ventedtypelead-acidbattery
비스브레이커,Visbreaker,visbreaker
점도지수,ViscosityIndex,viscosityindex
점도,Viscosity,viscosity
고객의소리,VoiceOfCustomer,voiceofcustomer
휘발성유기화합물,VolatileOrganicCompound,volatileorganiccompound
전압제어형,VoltageControlType,voltagecontroltype
전압형,VoltageSourceType,voltagesourcetype
전압형,VoltageStiffType,voltagesourcetype
전압온도계수,VoltageTemperatureCoefficient,voltagetemperaturecoefficient
병,VolumeBottle,volumebottle
체적에너지밀도,VolumeEnergyDensity,volumeenergydensity
폐열보일러,WasteHeatBoiler,wasteheatboiler
폐수,Wastewater,wastewater
기후시험,WeatherTest,weathertest
중량에너지밀도,WeightEnergyDensity,weightenergydensity
가중치,WeightValue,weightvalue
가중평균효율,WeightedAverageConversionEfficiency,weightedaverageconversionefficiency
서부텍사스중질유,WestTexasIntermediate,westtexasintermediate
습성가스,WetGas,wetgas
습윤누설전류시험,WetLeakageCurrentTest,wetleakagecurrenttest
백색바이어스광,WhiteBiasLight,whitebiaslight
분해납사,WholeCrackedNaphtha,wholecrackednaphtha
분해휘발유,WholeCrackedNaphtha,wholecrackednaphtha
유조선운임지수,WorldScaleRate,worldscalerate
자일렌,Xyelene,xyelene
제로가스,ZeroGas,zerogas
녹색경쟁력지수,녹색경쟁력지수,녹색경쟁력지수
대안설계,대안설계,대안설계
디젤탈황설비,디젤탈황설비,디젤탈황설비
유로파이브,유로파이브,유로파이브
탈질탈인,탈질탈인,탈질탈인
한반도의아열대기후화,한반도의아열대기후화,한반도의아열대기후화
등/경유수첨탈황시설,Kero-DieselHydroDeSulfurizationUnit,kero-dieselhydrodesulfurizationunit
등유,Kerosene,kerosene
핵심성과지표,KeyPerformanceIndicator,keyperformanceindicator
범례도,KeyPlanDwg,keyplandwg
킥백,KickBack,kickback
킥오프미팅,Kick-OffMeeting,kickoffmeeting
지식관리시스템,KnowledgeManagementSystem,kms
한국인정기구,KoreaLaboratoryAccreditationScheme,klas
크라프트펄프,KraftPulp,kraftpulp
환경쿠츠네츠곡선,KuznetsCurve,kuznetscurve
교토의정서,KyotoProtocol,kyotoprotocol
태양광발전용납축전지,LeadAcidBatteryForPhotovoltaicApplication,labfpa
리드엔지니어,LeadEngineer,leadengineer
에너지및환경디자인리더십,LeadershipInEnergyAndEnvironmentalDesign,leaed
기밀시험,LeakTesting,leaktesting
신용장,LetterOfCredit,letterofcredit
내약서,LetterOfIntent,letterofintent
전과정환경평가법,LifeCycleAssessment,lifecycleassessment
리프트사이클평가,LiftCycleAssessment,liftcycleassessment
양정식안전밸브,LiftSafetyValve,liftsafetyvalve
빛가둠효과,LightTrappingEffect,lighttrappingeffect
경질원유,LightCrudeOil,lightcrudeoil
고유황디젤유분,LightCycleOil,lightcycleoil
분해경유수소처리시설,LightCyclicOilHydroTreatingUnit,lightcyclicoilhydrotreatingunit
경유,LightOil,lightoil
경질감압경유,LightVacuumGasOil,lightvacuumgasoil
타려식,LineCommutationType,linecommutationtype
타려전환,LineCommutation,linecommutation
전원전환,LineCommutation,linecommutation
외부전환,ExternalCommutation,externalcommutation
액화,Liquefaction,liquefaction
액화천연가스,LiquefiedNaturalGas,liquefiednaturalgas
액화석유가스,LiquefiedPetroleumGas,liquefiedpetroleumgas
부하전류,LoadCurrent(Il),loadcurrent
부하요인,LoadFactor,loadfactor
부하정합보정계수,LoadMatchingFactor,loadmatchingfactor
부하전력,LoadPower(Pl),loadpower
부하전압,LoadVoltage(Vl),loadvoltage
현지설계업체,LocalEngineeringCenter,localengineeringcenter
저유황고유동점의연료유,LowSulfurWaxyResidue,lowsulfurwaxyresidue
저온코우크스,LowTemperatureCoke,lowtemperaturecoke
저유황중유,LsB-C/LowSulfur,lsb
윤활기유,LubeOilBaseStock,lubeoilbasestock
러그,Lug,lug
발광효율,LuminousEfficiency,luminousefficiency
유지관리,Maintenance,maintenance
밸브분배기,ManifoldValve,manifoldvalve
해양플랜트,MarinePlant,marineplant
마스터블랙벨트,MasterBlackBelts,masterblackbelts
주감시제어장치,MasterControlAndMonitoring(MCM)System,mcm
자재산출,Materialtake-Off,materialtakeoff
최대허용입력전압,MaximumInputVoltage,maxputvoltage
최대출력,"MaximumPower(Pmax,Pm)",maxpower
최대출력전류,"MaximumPowerCurrent(Ipmax,Ipm)",maxpowercurrent
최대출력결정,MaximumPowerDetermination,maxpowerdetermination
최대출력추종제어,MaximumPowerPointTracking,maxpowerpointtracking
최대동작전압,"MaximumPowerVoltage(Vpmax,Vpm)",maxpowervoltage
최대스토퍼,MaximumStopper,maxstopper
최소스토퍼,MinimumStopper,minstopper
평균어레이효율,MeanArrayEfficiency,meanarrayefficiency
공칭태양전지동작온도측정,MeasurementOfNominalOperatingCellTemperature,noct
공칭태양전지동작온도시험,MeasurementOfNominalOperatingCellTemperature,noct
온도계수측정,MeasurementOfTemperatureCoefficients,motc
온도계수시험,MeasurementOfTemperatureCoefficients,motc
용적톤,MeasurementTon,measurementton
기계적준공,MechanicalCompletion,mechanicalcompletion
물리적부하시험,MechanicalLoadTest,mechanicalloadtest
MR급,MediumRange,mediumrange
메가와트,MegaWatt,megawatt
MBR공법,MembraneBioReactor,membranebioreactor
머캡탄,Mercaptan,mercaptan
메록스,Merox,merox
MIS태양전지,Metal-Insulator-SemiconductorSolarCell,missolarcell
엠아이에스태양전지,Metal-Insulator-SemiconductorSolarCell,missolarcell
메탄,Metane,metane
메탄발효,MethaneFermentation,methanefermentation
엠티비이,MethylTertialryButylEther,methyltertialrybutylether
중량의단위,MetricTon,metricton
중간유분,MiddleDistillate,middledistillate
엠아이피에스,MillionInstructionPerSecond,millioninstructionpersecond
자재시험성적서,Millsheet,millsheet
광물연료와화석연료,MineralAndFossilFuels,mineralandfossilfuels
부정합손실,MismatchLoss,mismatchloss
혼합냉매,MixedRefrigerant,mixedrefrigerant
모듈온도,ModuleTemperature,moduletemperature
표면온도,SurfaceTemperature,surfacetemperature
모듈면적,ModuleArea,modulearea
모듈집적도,ModulePackingFactor,modulepackingfactor
모듈집적도,PackingDensity,packingdensity
함수율,MoistureContent,moisturecontent
시스템감시및제어용하위시스템,MonitorAndControlSubsystem,monitorandcontrolsubsystem
모노에틸렌글리콜플랜트,MonoEthyleneGlycolPlant,monoethyleneglycolplant
밀폐관리,Mothballing,mothballing
다공능첨가제,MultiFunctionalAdditive,multifunctionaladditive
적층자기콘덴서,MultilayerCeramicCapacitor,multilayerceramiccapacitor
다목적첨가제,MultipurposeDetergent,multipurposedetergent
납사분해시설,NaphthaCrackingCenter,naphthacrackingcenter
납사등유수첨처리시설,NaphthaKeroseneHydroTreatingUnit,naphthakerosenehydrotreatingunit
납사,Naphtha,naphtha
나프타,Naphtha,naphtha
고리형포화탄화수소,Naphthene,naphthene
국가에너지정책계획,NationalEnergyPolicyPlan,nationalenergypolicyplan
국민소득,NationalIncome,nationalincome
내국민대우및무차별원칙,NationalTreatmentandNondiscriminaion,nationaltreatmentandnondiscriminaion
천연에너지,NaturalEnergy,naturalenergy
천연가스,NaturalGas,naturalgas
천연가솔린,NaturalGasLiquid,naturalgasliquid
알짜전력량,NetEnergy,netenergy
순톤수,NetTonnage,nettonnage
선로계통,NetworkSystem,networksystem
신형전지전력저장시스템,NewBatteryEnergyStorageSystem,nbess
신에너지산업기술종합개발기구,NewEnergyAndIndustrialTechnologyDevelopmentOrganization,neatdo
신재생에너지,NewRegenerationEnergy,newregenerationenergy
뉴선샤인계획,NewSunshineProject,newsunshineproject
뉴욕상품거래소,NewYorkMerchantileExchange,newyorkmerchantileexchange
질산화,Nitrification,nitrification
질소산화물,NitrogenOxygen,nitrogenoxygen
무부하손실,NoLoadLoss,noloadloss
공칭태양전지동작온도,NominalOperatingCellTemperature,nominaloperatingcelltemperature
공칭시스템출력,NominalSystemPower,nominalsystempower
부적합사항보고서,NonConformanceReport,nonconformancereport
비파괴검사,NonDestructiveReport,nondestructivereport
비연료유,NonFuelOil,nonfueloil
핵연료,NuclearFuel,nuclearfuel
핵연료사이클,NuclearFuelCycle,nuclearfuelcycle
핵융합,NuclearFusion,nuclearfusion
OHSAS시스템,OccupationalHealthSafetyAssessmentSerise,occupationalhealthsafetyassessmentserise
옥탄가,OctaneNumber,octanenumber
직장외교육,OffTheJobTraining,offthejobtraining
공적개발원조,OfficialDevelopmentAssistance,officialdevelopmentassistance
공시판매가격,OfficialSalesPrice,officialsalesprice
오일샌드,OilSand,oilsand
오일셰일,OilShale,oilshale
올레핀,Olefin,olefin
발연황산,Oleum,oleum
현장실무교육,OnTheJobTrainning,otjt
개수로,OpenChannel,openchannel
개방전압,OpenCircuitVoltage,opencircuitvoltage
분출압력,OpeningPressure,openingpressure
채굴및운영서비스계약,OperatingServiceAgreement,operatingserviceagreement
임의시험조건,OptionalTestConditions,optionaltestconditions
구매선택사양,OptionalPurchasingItem,optionalpurchasingitem
경제협력개발기구,OrganizationForEconomicCooperationAndDevelopment,ofecd
아랍석유수출기구,OrganizationOfArabPetroleumExportingCountries,oapec
석유수출국기구,OrganizationofPetroleumExportingCountries,opec
올자트분석기,OrsatAnalyzer,orsatanalyzer
오르토크실렌,OrthoXylene,orthoxylene
옥외노출시험,OutdoorExposureTest,outdoorexposuretest
부대시설,OutSideBatteryLimit,outsidebatterylimit
오버헤드프로젝터,OverHeadProjector,overheadprojector
과입력내량,OverInputPower,overinputpower
과부하내량,OverLoadCapability,overloadcapability
출력과전류내량,OverCurrentCapability,overcurrentcapability
초과압력,OverPressure,overpressure
일반관리비,Overhead,overhead
옥시던트,Oxidant,oxidant
산화방지제,OxydationInhibitor,oxydationinhibitor
오존,Ozone,ozone
오존량,OzoneContent,ozonecontent
파나막스형선박,PanamaxTypeVessel,panamaxtypevessel
제지공정백수,PaperMillWhiteWater,papermillwhitewater
파라크실렌,ParaXylene,paraxylene
직쇄형포화탄화수소(사슬신포화탄화수소),Paraffine,paraffine
파렉스공정,PAREXProcess,parexprocess
부분부하효율,PartialLoadEfficiency,partialloadefficiency
부분산화,PartialOxidation,partialoxidation
부분충전상태,PartialStateOfCharge,partialstateofcharge
백만분의일,PartsPerMillion,partspermillion
PCB오염,PCB오염,pcb오염
첨두부하용발전소,Peak-LoadPowerStation,peakloadpowerstation
토탄,Peat,peat
침투탐상검사,PenetrantTest,penetranttest
침입도,PenitrationNumber,penitrationnumber
성능측정기준,PerformanceMeasurementBaseline,pmb
시스템성능계수,PerformanceRatio,performanceratio
인산염,Phosphate,phosphate
습식태양전지,PhotoelectroChemicalCell,photoelectrochemicalcell
습식태양전지,LiquidJunctionSolarCell,liquidjunctionsolarcell
태양광발전시스템,PhotovoltaicSystem,photovoltaicsystem
태양광발전어레이또는태양전지어레이,PhotovoltaicArray,photovoltaicarray
태양광발전어레이밭,PhotovoltaicArrayField,photovoltaicarrayfield
외벽용어레이,PhotovoltaicArrayForFacade,photovoltaicarrayforfacade
지붕용어레이,PhotovoltaicArrayForRoof,photovoltaicarrayforroof
창문형어레이,PhotovoltaicArrayForWindow,photovoltaicarrayforwindow
어레이모의전원장치,PhotovoltaicArraySimulator,photovoltaicarraysimulator
등가1일어레이가동시간,PhotovoltaicArrayYield,photovoltaicarrayyield
태양광발전전지,PhotovoltaicCell,photovoltaiccell
광전류,PhotovoltaicCurrent,photovoltaiccurrent
광전류,Photocurrent,photocurrent
광기전력효과,PhotovoltaicEffect,photovoltaiceffect
태양광발전널판,PhotovoltaicPanel,photovoltaicpanel
태양전지널판,PhotovoltaicPanel,photovoltaicpanel
태양광발전,PhotovoltaicPowerGeneration,photovoltaicpowergeneration
태양광발전소어레이,PhotovoltaicSubarray,photovoltaicsubarray
태양전지소어레이,PhotovoltaicSubarray,photovoltaicsubarray
태양광발전소모듈,PhotovoltaicSubmodule,photovoltaicsubmodule
태양전지소모듈,SolarCellSubmodule,solarcellsubmodule
일반부하태양광발전시스템,PhotovoltaicSystemForCommonLoad,psfcl
분산부하태양광발전시스템,PhotovoltaicSystemForDistributedMulti-Load,psdml
구내부하전용태양광발전시스템,PhotovoltaicSystemForOnsiteLoad,psol
전용부하태양광발전시스템,PhotovoltaicSystemForSpecificLoad,pssl
등가1일시스템가동시간,PhotovoltaicSystemYield,psy
세척시스템,PiggingSystem,piggingsystem
피아이엔(pin)접합,PINJunction,pinjunction
관수로,PipeLine,pipeline
파이프랙크,PipeRack,piperack
배관및계장도,PipingAndInstrumentDiagram,pipingandinstrumentdiagram
가소제,Plasticizer,plasticizer
판형열교환기,PlateHeatExchanger,plateheatexchanger
판핀열교환기,PlateFinHeatExchanger,platefinheatexchanger
플롯플랜,PlotPlan,plotplan
플러그인하이브리드카,Plug-InHybridCar,pluginhybridcar
피엔(pn)접합,PNJunction,pnjunction
피엔(pn)접합태양전지,PNJunctionSolarCell,pnjunctionsolarcell
PSI지수,PollutantStandardIndex,pollutantstandardindex
오염자부담원칙,PolluterPaysPrinciple,polluterpaysprinciple
폴리에틸렌테레프탈레이트,PolyEthyleneTerephthalate,polyethyleneterephthalate
다결정,Polycrystal,polycrystal
다결정,Multicrystal,multicrystal
폴리에틸렌수지,PolyEthyleneResin,polyethyleneresin
PET수지,PolyEthyleneTerephthalateResin,petresin
폴리머,Polymer,polymer
중합,Polymerization,polymerization
폴리올,Polyol,polyol
폴리프로필렌수지,PolyPropylene,polypropylene
폴리스티렌,PolyStyrene,polystyrene
폴리염화비닐수지,PolyVinylChloride,polyvinylchloride
추정매장량,PossibleReserves,possiblereserves
용접후열처리,PostweldHeatTreatment,postweldheattreatment
잠재적개발가능매장량,PotentiallyExploitableDep,potentiallyexploitabledep
유동점,PourPoint,pourpoint
분말활성탄기술,PowderedActivatedCarbonTechnology,powderedactivatedcarbontechnology
출력조절기또는전력조절기,PowerConditioningSystem,powerconditioningsystem
역률,PowerFactor,powerfactor
소내소비,"PowerStationInternalConsumption,Stati",powerstationinternalconsumption
소내소비,Stati,stati
사전자격평가,PQevaluation,pqevaluation
특허수처리고도화기술,PreAnoxic,dpao
특허수처리고도화기술,Anaerobic,dpao
특허수처리고도화기술,Dpao,dpao
특허수처리고도화기술,Denitirification,dpao
특허수처리고도화기술,Oxic,dpao
피디엠기법,PrecedenceDiagramMethod,pdm
가강수량(강수가능수분량),PrecipitableWaterVapor,precipitablewatervapor
사전시운전,Pre-Commissioning,pre-commissioning
사전안전시공회의,Pre-ConstructionMeeting,pre-constructionmeeting
전탈질,Pre-Denitrification,pre-denitrification
사전검사회의,Pre-InspectionMeeting,pre-inspectionmeeting
사전자격심사,Prequalification,prequalification
압력구동식응축수회수펌프,PressurePoweredPump,pressurepoweredpump
압력방출밸브,PressureReliefValve,asme
압력방출밸브,ASME,asme
일차에너지,PrimaryEnergy,primaryenergy
일차에너지소비(량),PrimaryEnergyConsumption,primaryenergyconsumption
일차오염,PrimaryPollution,primarypollution
국내에너지총생산,PrimaryProductionOfEnergy,ppoe
예상매장량,ProbableReserves,probablereserves
공정및생산방식,ProcessandProductionMethods,ppm
공정중량,ProcessWeight,processweight
조달,Procurement,procurement
생산물분배계약,ProductionSharingAgreement,psa
퍼트법,ProgramEvaluationAndReviewTechnique,pert
프로젝트,Project,project
프로젝트감독,ProjectDirector,pjtdirector
프로젝트엔지니어링매니저,ProjectEngineeringManager,pjtengineeringmanager
프로젝트관리,ProjectManagement,pjtmanagement
프로젝트관리정보시스템,ProjectManagementInformationSystem,pjtmanagementinformationsystem
프로젝트관리시스템,ProjectManagementSystem,pjtmanagementsystem
프로젝트매니저,ProjectManager,pjtmanager
프로판,Propane,propane
프로판탈수소,PropaneDehydrogenation,propanedehydrogenation
폴리프로필렌,Polypropylene,polypropylene
비례안전밸브,ProportionalSafetyValve,proportionalsafetyvalve
비례안전밸브,DIN,din
프로필렌,Propylene,propylene
선주책임상호보험조합,ProtectionandIndemnityClub,protectionandindemnityclub
보호콜로이드,ProtectiveColloid,protectivecolloid
모의기준비정질태양전지,PseudoReferenceAmorphousSolarCell,prasc
펄스폭변조제어,PulseWidthModulationControl,pwmc
펌프절연,PumpInsulation,pumpinsulation
펌프트래이싱,PumpTracing,pumptracing
양수발전소,PumpedStoragePowerStation,pumpedst
양수발전소,PumpedSt,pumpedst
양수발전,PumpStoragePowerGerneration,pspowergeneration
구매요구서,PurchaseOrder,purchaseorder
구매,Purchasing,purchasing
수평면일조계또는전일조계,Pyranometer,pyranometer
직달일조계,Pyrheliometer,pyrheliometer
직달일조계,NormalIncidencePyrheliometer,pyrheliometer
열분해,Pyrolysis,pyrolysis
품질보증,QualityAssurance,qassurance
품질관리,QualityControl,qc
품질관리매뉴얼,QualityManagementManual,qmm
수량,Quantity,quantity
양자효율,"QuantumEfficiency,CollectionEfficiency",quantumefficiency
수집효율,CollectionEfficiency,collectionefficiency
치,Quench,quench
급속열림방식밸브,QuickOpenTypeValve,quickopentypevalve
견적,Quotation,quotation
잡음전기장강도,RadiatedEmissionDisturbanceFieldStrength,redfs
리프트사이클평가,Lift,lift
양정,Lift,lift
건성가,DryGas,drygas
덕트,Duct,duct
염료,Dye,dye
모듈,Module,module
서지현상,Surge,surge
스왑,Swap,swap
모듈열,String,string
슬래그,Slag,slag
슬래그,Clinker,slag
슬러지,Sludge,sludge
슬러리,Slurry,slurry
스모그,Smog,smog
코드,Code,code
코우크스,Coke,coke
,plot plan, plot-plan 
,펌프, pump 
,pumps, pump 
, ug , u/g 
, vp , v/p 
,3d model,3d-model
,air compressor,air-compressor
,air comp,air-compressor
,analzer point,analzer-point
,by pass,by-pass
,데크,deck 
,디자인,design
,desuper heater,desuper-heater
, ewatering ,dewatering
,탈수,dewatering
,drawing,dwg
,funner,funnel
,geo[.],geo
,iso[.],iso
,라인,line
,lines,line
,위치,location
, mh ,m/h
,modeling,model
,p[.]c,p/c
, pc ,p/c
,파이프,pipe
,pipe rack,pipe-rack
,piperack,pipe-rack
,요청,proposal
,요구,proposal
,review,re-view
,rev, revision 
,safety shower,safety-shower
,sheets,sheet
,크기,size
,spec[.], spec 
,stairs,stair
,stedccture,structure
,systems,system
,utility station,utility-station
,vendor print,v/p
,change,변경
,수정,변경
,deleted,삭제
,업무량,업무양
,conn[.],연결
,connection,연결
,connecting,연결
,추가,증가
, conn ,연결
